id,prompt
1,"Cinematic aerial shot, a drone gliding slowly over the fog-shrouded Shanghai Bund, camera diving down from the tops of the three Lujiazui skyscrapers in Pudong, sweeping across the shimmering ripples on the Huangpu River. Golden morning sunlight pierces through thin mist, cargo ships drift slowly across the river leaving white wakes. The Oriental Pearl Tower fades in and out of the morning haze in the distance. Extreme wide shot gradually pushing in to medium shot."
2,"Documentary photography style, Tokyo's Shibuya Crossing in a torrential downpour, hundreds of pedestrians with colorful umbrellas hurrying across the crosswalk. Rainwater refracts into kaleidoscopic light spots under the neon glow, puddles on the ground casting reflections. A red taxi glides slowly through the intersection, wheels splashing water. Camera descends from a high overhead angle down to crowd level. Wide shot transitioning to medium shot."
3,"Cinematic long take, camera slowly pushing forward along a narrow Venice canal, a black gondola gliding silently across the emerald water. The gondolier in a striped shirt stands at the stern pushing the oar with force, the boat gently swaying. Ancient brick walls on both sides are covered in ivy, sunlight streaming through gaps between buildings forming shafts of light. Water ripples shimmer with golden reflections. Medium shot tracking angle."
4,"IMAX cinematic frame, New York's Times Square in a blizzard, massive LED billboards flickering through swirling snow. Pedestrians bundled in coats hurry along heads down, a delivery rider in a yellow raincoat struggles through on a bicycle. Vehicles inch along snow-covered streets, headlights forming halos in the snowy haze. Camera slowly pans to capture the full panorama."
5,"Cinematic golden hour lighting, the Roman Colosseum at sunset, golden rays washing over the ancient stone walls. A flock of pigeons bursts through the arches, circling in the orange-red sky. Tourists stroll and photograph in the square, their long shadows stretching across the cobblestones. Camera pulls back slowly from close-up wall textures to a wide shot. Warm-toned documentary film style."
6,"Cyberpunk film style, Hong Kong's Temple Street at night, densely packed neon signs stacked and flickering. Steam rises from street-side food stalls, a young man in sunglasses cuts through the crowd toward the camera. The wet ground reflects red and blue neon light, a double-decker bus drifts past in the background. Low-angle upward shot slowly pulling back. Dark, high-contrast imagery."
7,"Epic aerial shot, Angkor Wat bathed in golden dawn, camera slowly pushing forward from above the jungle canopy toward the temple spires. Morning mist drifts across the moat, the water surface mirroring the complete temple silhouette like glass. Several white egrets take flight from the water, sweeping across the frame. The ancient stone towers glow warm amber in the sunlight. Extreme wide aerial shot gradually descending and pushing closer."
8,"Documentary film style, early morning at Istanbul's Grand Bazaar, vendors pushing carts busily stocking and opening their stalls. Colorful Turkish lanterns hang beneath arched ceilings, casting dappled light and shadow. A ginger cat leaps from a spice stall, darting through the corridor and vanishing around a corner. The air seems thick with the scent of spices. Stabilizer tracking shot following the cat's movement. Medium shot."
9,"Cinematic time-lapse quality, Dubai skyline from sunset to nightfall, the sun sinking behind the Burj Khalifa into the desert. The sky gradients from gold-orange to deep blue as city lights gradually ignite like a river of stars. Highway traffic forms continuous ribbons of light winding through the city. The Palm Islands silhouette emerges in the dusk in the distance. Ultra-wide fixed camera capturing the full panorama."
10,"Black-and-white film grain aesthetic, Montmartre in Paris after rain, wet cobblestone streets reflecting the faint glow of streetlamps. A woman with an umbrella walks alone up the stairs, her high heels echoing against the stone steps. Sacré-Cœur Basilica is faintly visible through thin mist in the distance. The image has a pronounced film grain texture. Static camera, the figure approaches from afar toward the lens."
11,"National Geographic documentary style, African savanna at golden hour, a male lion shakes his mane and strides leisurely through golden grass. His muscles are sharply defined, amber eyes gazing forward, each step carrying effortless power. In the background stands a solitary acacia tree silhouette, sunset painting the sky deep orange. Lateral tracking shot panning alongside. Medium close-up."
12,"Underwater documentary footage, a humpback whale and her calf slowly ascending through the deep blue sea. The mother whale's massive pectoral fins gently sweep through the water as the calf swims closely beside her. Sunlight penetrates from the surface forming columns of light, bubbles rising slowly from the whales' mouths. Schools of small fish scatter in all directions. Camera slowly orbits from the side. Medium shot."
13,"BBC nature documentary quality, the Amazon rainforest before a thunderstorm, a brilliantly colored macaw launches into flight from the treetops. Red, blue, and yellow plumage vivid against the overcast sky, wings beating powerfully through the air. Raindrops begin to fall, striking the enormous tropical leaves. Lightning illuminates gray clouds in the distance. Slow-motion tracking shot following the macaw in flight."
14,"High-speed cinematic footage, a cheetah in full sprint across the African savanna chasing an antelope. The cheetah's body fully extended, all four limbs airborne, spotted coat glistening in the sunlight. Grass and dust kicked up by its legs billow around it. Background blurred to emphasize speed, the horizon slightly tilted. Ultra slow-motion lateral tracking shot. Close-up."
15,"Documentary photography style, a fall morning at Nara Park in Japan, a herd of sika deer grazing leisurely on grass blanketed in red leaves. A young fawn lifts its head toward the camera, ears perked, nose twitching gently. The background is a soft blur of ancient temple red pillars and golden ginkgo trees. Fallen leaves drift down gently in the breeze. Soft rim lighting outlines the deer's silhouette. Medium shot with shallow depth of field."
16,"Cinematic macro photography, a hummingbird hovering before a blooming red hibiscus, wings vibrating at high frequency creating translucent motion blur. Its slender beak probes deep into the flower to sip nectar, tiny body maintaining perfect balance in midair. Dewdrops on the petals sparkle like diamonds in the morning light. Background completely blurred to soft green. Ultra slow-motion close-up."
17,"Nature documentary aerial shot, hundreds of Atlantic puffins standing at the edge of an Icelandic black sand beach cliff. One puffin opens its colorful beak and spreads its wings, leaping into the sea wind and diving down along the cliff face. Gray waves crash and shatter into white foam on the rocks below. Overcast diffused light evenly illuminating the scene. Camera follows the puffin's dive from the clifftop wide shot down to sea level."
18,"Cinematic nighttime footage, an Arctic fox treading carefully through snow under moonlight on the polar tundra. Its white fur blends almost completely with the snow, only its black eyes and nose tip clearly visible. The Northern Lights dance overhead, green curtains of light reflecting off the snow's surface. The fox suddenly pauses, ears pricked to listen, then leaps headfirst into the snow to hunt. Medium side shot."
19,"Documentary-style underwater footage, a large sea turtle gliding slowly through colorful coral formations in the shallow reef. The turtle's front flippers sweep gracefully like wings, a few wisps of algae clinging to its shell. Schools of tropical fish dart and weave around it, sunlight piercing the clear water creating dancing light patterns. Camera tracks parallel alongside the turtle, slowly pushing forward. Medium shot."
20,"Cinematic high-speed photography, a bald eagle diving from high altitude toward a lake surface to catch fish. Talons spread wide at the instant of contact, sending up a massive splash, successfully snatching a silver trout. Wings beat powerfully as it lifts off with its prey, water droplets shaking from its feathers like scattered silver. Background is a soft blur of blue mountains. Ultra slow-motion low-angle upward shot."
21,"Cinematic portrait photography, a rainy Tokyo street at night, a young East Asian woman in a black trench coat glances back at the camera beneath a clear umbrella. Her damp black hair clings to her cheeks, gaze steady with a hint of melancholy. Neon lights cast interlaced red and blue reflections across her face. Raindrops bounce on the umbrella surface, car headlights form soft bokeh in the background. Close-up half-body portrait."
22,"Documentary film style, the Paris flower market at dawn, an elderly white-haired woman bending to arrange bundles of purple lavender. She wears a dark blue apron, her wrinkled fingers deftly binding the bouquets. Soft morning light streams down through the iron-frame canopy, rows of flowers forming a colorful backdrop around her. Camera slowly pulls back from a hand close-up to medium shot."
23,"Sports film shooting style, a young Black male surfer riding a massive wave at a California beach at dusk. He wears a black wetsuit, legs bent to maintain balance, spray churning and splashing behind him. Golden sunset backlights the wave crests, creating translucent amber tones. Underwater camera shooting from a low upward angle. Slow-motion medium shot."
24,"Cinematic humanitarian photography, a narrow alley in the old city of Marrakech, Morocco, an elderly Arab man in a white robe leading a donkey laden with colorful fabrics through the passage. Mottled ochre mud walls cast deep shadows on both sides, a shaft of intense sunlight piercing through a distant archway. The man walks slowly and steadily. Camera fixed head-on as the figure approaches from the distance."
25,"Japanese cinema style, Kyoto's Philosopher's Path in full cherry blossom, a young Japanese woman in a pale pink kimono strolling along the petal-strewn path. She holds a paper parasol with a slight downward gaze, wooden geta clogs tapping gently on the stone walkway. Cherry blossom petals drift in the breeze like pink snowflakes. A small stream murmurs alongside the path. Lateral tracking shot panning alongside. Soft backlit medium shot."
26,"War film aesthetic, a firefighter carrying a hose charges through a smoke-filled rubble-strewn street. He wears a black helmet, face beneath the visor drenched in sweat and coated in ash, reflective strips flashing in the firelight. Behind him, collapsed buildings and billowing thick smoke, sparks flying. Handheld tracking shot with slight shake for immediacy. Close-up tracking the running action."
27,"Documentary aerial cinematography, an Indian Holi festival square with thousands of people hurling colored powder at one another. Red, yellow, green, and purple powder forms massive color clouds in the air as the crowd laughs and dances. Camera descends from a high overhead shot down into the middle of the crowd. Everyone's clothes and faces smeared with vibrant colors. A scene bursting with joy and energy. Wide to medium shot."
28,"Film noir style, the interior of a late-night Chicago jazz bar, a Black saxophonist playing with closed eyes in deep immersion. The stage spotlight illuminates his sweat-glistening face, smoke curling slowly through the beam of light. He wears a dark blue suit, fingers moving rapidly over the golden saxophone keys. The audience recedes into shadow. Close-up, slightly low-angle perspective."
29,"Cinematic sports photography, a footballer sliding in for a tackle on a rain-soaked pitch, skidding across the wet grass. Mud, water, and grass shreds spray everywhere, the player's expression focused and resolute. The ball spins in the air, raindrops visible as sharp as silver needles under the floodlights. The crowd in the stands blurs into a wash of light. Ultra slow-motion low-angle side shot."
30,"Humanitarian documentary style, a Himalayan mountain trail in Nepal, an elderly Sherpa man hauling an enormous wicker basket on his back as he labors up the path. His dark, weathered skin deeply creased with wrinkles, wearing a woolen cap, his stout legs planting firmly on each rock. Behind him rise magnificent snow-capped peaks and fluttering prayer flags. Thin clouds drift upward from the valley. Medium shot, front-facing, slightly low angle."
31,"IMAX nature documentary style, a full panorama of Iceland's Skógafoss waterfall, a massive curtain of water cascading from a sixty-meter-high cliff. Water mist forms a rainbow arcing across the front of the falls in the sunlight. A flock of seagulls circles through the spray. Lush green moss covers the cliff walls on either side. Camera slowly tilts upward from the base of the falls to the clifftop panorama."
32,"Cinematic time-lapse, a Saharan Desert sunset, enormous dunes displaying sharply defined golden and deep brown curves under raking sidelight. Wind lifts fine sand from the dune ridges, drifting like golden smoke. A camel caravan silhouette moves slowly along the base of the dunes. The sky gradients from gold-orange to purple-red. Ultra-wide low-angle extreme wide shot."
33,"Nature documentary aerial, a Norwegian fjord in autumn full panorama, camera swooping down from a mountaintop to the emerald water surface. Steep granite cliffs on both sides draped in red and yellow autumn foliage. A white cruise ship advances slowly through the narrow waterway, leaving a V-shaped white wake. Thin mist clings to the mountainsides. Aerial shot rapidly pushing forward and descending."
34,"Cinematic storm photography, a massive supercell thunderstorm on the American Great Plains, rotating and churning across the sky. The dark green cloud base extends a funnel-shaped rotating vortex downward. Lightning flickers frequently within the cloud mass, illuminating its entire structure. In the foreground, an endless golden wheat field sways violently in the wind. Fixed camera, extreme wide shot with time-lapse quality."
35,"Documentary aerial footage, Mount Fuji at winter dawn, camera slowly pushing forward from above the sea of clouds. Fuji's perfect conical silhouette rises from the pink cloud layer, summit snow glistening gold in the morning sun. The cloud sea spreads like cotton to the horizon. A thin wisp of volcanic gas drifts from the peak. Ultra-wide aerial gradually pushing in to medium shot."
36,"Cinematic underwater photography, sunlight penetrating jade-green tropical waters to illuminate the Great Barrier Reef coral formations. Vibrant corals sway gently in the current, schools of clownfish dart among the anemones. Bubbles rise slowly from crevices in the coral. In the distance, a manta ray glides past with its massive wings elegantly outstretched. Camera slowly pushes forward through the coral landscape."
37,"Epic nature photography, the moment of an Alaskan glacier calving — an enormous blue ice slab breaking from the glacier face and plunging into the sea. The resulting splash sends waves tens of meters high, shattered ice scattering in all directions. The glacier surface shows fractures gradating from deep blue to white. Snow-capped mountains stand in silent vigil under a gray-blue sky in the distance. Ultra slow-motion medium shot, front-facing. A breathtaking image."
38,"Aerial documentary style, Jiuzhaigou Valley's Five Flower Lake in autumn, camera shooting straight down from high above. The lake waters swirl in a fantastical mosaic of blue, green, and yellow, with submerged fallen logs clearly visible on the bottom. Surrounding hillsides blaze with red, yellow, orange, and green foliage like an oil painting. A gentle breeze sends fine ripples across the surface shifting the color patterns. Aerial slowly descending with rotation."
39,"Cinematic volcanic photography, Hawaii's Kīlauea volcano at night, molten lava surging and flowing from fissures. Rivers of orange-red lava wind slowly toward the sea, erupting into massive white steam clouds on contact with the water. Hardened black crust on the lava surface glows red from beneath. Stars twinkle in the background sky. Telephoto lens medium shot capturing the lava flow."
40,"Nature film style, the Grand Canyon after a spring thunderstorm, a rainbow arching across the red rock layers above the canyon. Sunlight breaks through the storm clouds forming Tyndall effect light beams. The Colorado River churns and rushes through the canyon floor in a turbid brown-red. Rain-soaked rock walls display even richer, more saturated colors. Helicopter aerial slowly flying along the canyon. Extreme wide shot."
41,"Cinematic motorsport photography, a red Ferrari cornering at high speed on a winding mountain road. The car body leans as tires smoke, engine roaring. Sunlight reflects a blinding glare off the paint. The background is a blurred Mediterranean coastline and cliff-side road barriers. Camera tracking from a helicopter alongside. Ultra slow-motion medium shot capturing the cornering moment."
42,"Documentary aerial footage, a steam train crossing a Scottish Highlands stone viaduct at dusk. White steam billows from the locomotive, dispersing in the golden evening light. The train's deep red carriages contrast with the lush green valley. Below lies a deep gorge with a winding stream. Camera tracks parallel alongside as the train slowly crosses the bridge. Aerial wide shot."
43,"Naval film style, a gray destroyer plowing through towering waves in the stormy North Atlantic. Massive waves strike the bow sending spray dozens of meters high, the hull pitching and heaving in the heavy seas. Dark clouds press down on the ocean surface. Radar antennae on the bridge rotate continuously. Low-angle side shot of the ship cutting through the waves. Dynamic medium shot."
44,"Sci-fi film style, a helicopter flying low over the fog-shrouded Manhattan skyline. Rotor downwash disperses the surrounding fog into swirling vortices. Skyscraper lights form hazy halos in the mist. The helicopter's side door is open, revealing red interior lighting. Camera tracking from another aircraft. Nighttime medium-shot aerial photography."
45,"Documentary style, early morning on Vietnam's Mekong River, a wooden boat loaded with fresh flowers drifts slowly past. The boat is piled high with yellow marigolds and pink lotus flowers, a Vietnamese woman in a conical hat stands at the stern rowing with effort. River mist hangs above the water reflecting the coconut palms lining both banks. Ripples spread gently from the hull. Soft morning light, medium shot, front-facing."
46,"High-end food commercial style, ultra slow-motion capture of a fresh strawberry dropping into milk. The vivid red strawberry hits the surface sending up a crown-shaped splash of milky white liquid, milk droplets scattering in every direction. The strawberry's tiny seeds and surface water beads are crisply visible. A pure black background accentuates the food's colors. High-speed macro close-up, front-facing."
47,"Japanese cuisine film shooting, a sushi chef's hands expertly molding nigiri sushi on a cypress wood counter. Fingertips precisely shaping the vinegared rice, a fresh salmon slice draped over the rice ball. The glistening fish grain texture and individual rice grains are visible up close. The background is a soft blur of a wooden Japanese bar counter and warm lighting. Close-up overhead shot of the hands."
48,"Food commercial cinematic shot, an oven door slowly opening to reveal a golden, flaky French croissant just out of the oven. Steam rises from the pastry's surface, layers of laminated dough distinct and gleaming with butter. Camera pushes outward from inside the oven following the bread's movement. Warm rim lighting traces the croissant's silhouette. Macro close-up in slow motion."
49,"Cinematic storm photography, lightning splitting the night sky and striking a lone oak tree in an open field. The electrical flash illuminates the roiling storm clouds and twisting branches. Rain pours in sheets, forming a silver curtain in the lightning's glare. Leaves thrash violently in the gale. High-speed photography capturing the instant of the lightning fork. Fixed camera, medium shot, front-facing."
50,"Nature documentary style, the aurora borealis dancing across a starlit sky within the Arctic Circle. Green and purple curtains of light billow and fold across the firmament like silk. An ice-covered lake below mirrors the aurora's colors in perfect reflection. A dark silhouette of coniferous forest stands still in the distance. A reindeer ambles slowly across the right side of the frame. Time-lapse capturing the aurora's transformations. Ultra-wide panorama."
51,"Industrial film style, inside a steel mill, a crucible of glowing molten steel pours into a mold. The blazing orange liquid metal flows viscously like lava, sparks showering into the air in a spectacular rain of fire. Workers in protective face shields operate equipment from a distance. The workshop bathes in a red thermal glow. Slow-motion medium side shot of the steel pouring process."
52,"Space documentary style, the moment a launch vehicle ignites and lifts off from the pad. Enormous white smoke billows from beneath the launch platform as orange flames propel the rocket slowly off the tower, accelerating upward. The launch tower fades in and out of the smoke. Ground vibrations send ripples across nearby puddles. Camera shooting upward from ground level tracking the rocket's ascent."
53,"Sports film slow motion, a swimmer launching from the diving platform into the pool. The athlete's body forms a perfect streamlined shape entering the water, the surface breaking into a symmetrical splash. Underwater bubbles envelop the entire body like silver armor. Blue pool light ripples across the body. Split-screen simultaneously showing above and below water perspectives. Ultra slow-motion close-up."
54,"Sports documentary film style, a female marathon runner crossing the Golden Gate Bridge alone at dawn. She wears fluorescent green running shoes, her ponytail bouncing rhythmically with each stride. Morning fog wraps around the bridge towers, the San Francisco skyline faintly visible in the mist beyond. Footsteps kick up a thin spray from the road surface. Low-angle lateral tracking shot. Medium shot."
55,"Experimental film style, a macro capture of a drop of ink falling into clear water and slowly dispersing. The deep blue ink forms a mushroom cloud structure upon contact, tendrils reaching outward in all directions. Subtle currents in the water create ever-shifting fractal patterns. Backlighting renders the ink edges a translucent indigo. Ultra slow-motion front-facing macro close-up."
56,"High-speed photography art, a wine glass shattering against a white background. Shards radiate outward in all directions, the red wine inside forming an elegant liquid sculpture suspended in air. Each fragment catches the ambient light, glittering like diamonds. Time seems frozen at the most beautiful instant of destruction. Ultra slow-motion side shot, close-up."
57,"Period film aesthetic, Chang'an's Zhuque Avenue at dusk during the Tang Dynasty, a cavalry escort flanking a carriage thundering along the wide boulevard. Tall ward walls line both sides, silk lanterns hang from wine houses and teahouses. Horse hooves kick up clouds of yellow dust, banners snap and flutter in the evening wind. Sunset paints the Chang'an city gate tower in gold and crimson. Aerial tracking the mounted column's advance. Cinematic wide shot."
58,"Epic war film style, two cavalry armies charging and clashing on a medieval battlefield shrouded in mist. Armored knights wield swords astride galloping warhorses, steeds whinnying, mud flying from their hooves. Banners sway and topple in the chaos of battle. Morning fog and dust mingle across the field. Camera weaving through the cavalry in pursuit. Handheld cinematography feel, medium shot."
59,"Deep-sea exploration film style, a submersible's searchlights illuminating a swarm of jellyfish in the pitch-black deep ocean. Translucent jellyfish emit blue and purple bioluminescence, tentacles drifting elegantly in the current like a dancer's flowing skirts. More bioluminescent creatures flicker in the darkness beyond. Suspended particles in the water float like stars in the lamplight. Camera slowly pushes forward through the jellyfish cluster."
60,"Documentary underwater photography, a shipwreck encrusted with coral and marine life. A school of silver jack fish forms a swirling vortex around the rusted hull. Sunlight streams down from the surface illuminating the wreck's portholes and railings. Seaweed streams like green ribbons in the current. Camera glides slowly from bow to stern along the ship's length. Medium shot."
61,"Documentary film style, a Thai floating market at dawn, dozens of wooden boats laden with tropical fruits and vegetables drifting slowly along the canal. A Thai woman vendor in a straw hat stands on her boat, reaching out to hand a bunch of mangoes to a tourist on the bank. The water reflects the wooden houses and palm trees lining both shores. Boats gently bump together. Camera pans slowly from a bridge overhead. Wide shot."
62,"Humanistic film photography, Mexico City's Day of the Dead night street, a young Latin woman with elaborate sugar skull face paint and a crown of marigolds walking slowly through a candlelit corridor. Hundreds of candles line the ground flickering, golden marigold petals carpeting the path. Her black dress hem sways with each step. Warm candlelight illuminates the face paint. Medium shot, front-facing tracking."
63,"Sci-fi film concept shot, autonomous flying cars darting through the rain on a future city's elevated highway at night. Raindrops slide off the sleek vehicle bodies, soft blue light emanating from the thruster arrays underneath. Holographic advertisements flicker and distort in the rain curtain. Massive skyscrapers in the distance disappear into low clouds at their summits. Camera weaving through the traffic stream. Cyberpunk color palette."
64,"Hard sci-fi film style, a female astronaut in a white spacesuit floating in zero gravity before a space station observation window. She reaches out to touch the glass, the blue Earth slowly rotating beyond. Green instrument panel lights glow inside the cabin. Her hair floats freely in zero gravity, spread outward. Sunlight from outside the window creates stark light-and-shadow contrast. Close-up side shot."
65,"Concert film footage, an enormous outdoor music festival stage, a rock band performing with high energy. The lead singer stands arms outstretched facing tens of thousands in the audience, stage pyrotechnics shooting golden sparks behind him. A sea of phone flashlights glimmers in the crowd. Massive LED screens display psychedelic visual effects. Camera pushes from behind the stage toward the audience. Extreme wide shot."
66,"Classical music film style, the Vienna Musikverein Golden Hall, a symphony orchestra in performance. The conductor's hands move passionately, coattails flying with his gestures. Violinists' bows move in perfect unison. The Golden Hall's domed ceiling and crystal chandeliers refract warm light. Camera slowly rises from behind the conductor to an overhead shot of the full ensemble. Medium to wide shot."
67,"Artisan documentary style, an elderly ceramist in Kyoto, Japan, seated at a potter's wheel throwing clay. His aged yet powerful hands steadily shape the spinning wet clay, the material rising gradually between his fingers into an elegant vase silhouette. The wheel turns continuously, excess slip splattering off. Natural window light illuminates the workbench from the side. Close-up of the hands, side angle."
68,"Food film style, inside a teppanyaki restaurant, a chef stir-frying beef on a searing hot griddle. Oil sizzles on contact with the heat, flames leap half a meter from the surface. The chef's hands flash twin spatulas, tossing ingredients into the air for a flip. Steam and aromas rise under warm overhead lights. Diners watch intently from the counter opposite. Medium shot, front-facing of the cooking process."
69,"Extreme weather documentary style, a tornado forming and touching down on the American Midwest plains. An enormous funnel cloud spirals downward from a gray-black cloud base, connecting with the ground and lifting dirt and debris into a brown rotating column. Hay from surrounding farmland is sucked upward into the air. Lightning flickers frequently within the cloud mass. Distant telephoto lens, fixed camera. Extreme wide shot."
70,"Natural disaster film quality, an aerial shot of a tsunami wave approaching a Japanese coastline. A gray wall of water over ten meters tall surges toward shore, the crest curling with white foam. Fishing boats in the harbor are shoved and rocked violently by the surge. Spray from the breakwater shoots skyward. The town's buildings are clearly visible under the dark overcast sky in the distance. Aerial wide shot rapidly pushing in to medium shot."
71,"Dance film style, a ballet dancer spinning and leaping on the concrete floor of an abandoned factory. She wears a white tutu, dancing among the rusted steel beams, her skirt unfurling with each turn like a blossoming flower. Dust motes swirl in angled shafts of sunlight from the windows. Her shadow plays fluidly across the mottled walls. Camera orbiting, slow motion. Medium shot."
72,"Flamenco film footage, inside a traditional Seville tavern, a female dancer in a red dress stomping furiously. She raises both hands clicking castanets, her long black hair whipping with each head toss. The red dress skirt flares out in the rapid spins like flame. A guitarist plays passionately from the shadows. A spotlight from above creates dramatic chiaroscuro. Close-up half-body shot."
73,"Tech product cinematic commercial, a silver robotic arm precisely assembling a microchip in a cleanroom. Mechanical fingers pick up tiny components with millimeter precision, placing them onto a circuit board. LED indicator lights reflect blue cold light off the metal surfaces. Rows of identical working robotic arms fill the background. Camera pushes from macro overview to extreme close-up of the assembly process."
74,"Data center documentary style, inside a massive server room with countless blue indicator lights blinking in the darkness like a starfield. The cooling system's airflow ruffles a technician's white lab coat hem. He walks slowly along the towering server cabinet corridors, inspecting equipment. Cool blue light glows from beneath the raised floor. Camera slowly pushes forward from the far end of the corridor, tracking him. Symmetrical composition."
75,"Pastoral film style, golden rice paddies at harvest season, a red combine harvester advancing slowly through the vast field. Cut rice stalks are drawn into the machine, golden grains spraying from the output into a trailer. The setting sun casts long shadows across the paddies. Blue-green mountains rise in the distance beneath drifting white clouds. Aerial shot descending gradually from high above to the side of the harvester."
76,"Documentary photography style, the Yuanyang rice terraces of Yunnan at dawn, a Hani ethnic woman leading a water buffalo along a terrace ridge. Layer upon layer of flooded terraces mirror the pink and purple dawn light like sheets of glass. The buffalo plods forward, hooves splashing mud. Thin mist rises from the valley, threading between the terraces. Alternating aerial and ground-level shots intercut. Extreme wide to medium shot."
77,"Nautical film style, an old sailing ship tossing through towering waves in a violent storm. White sails on three masts strain and billow in the gale, sailors clutching ropes on deck. Waves crash over the gunwales flooding the deck, the hull listing severely. Lightning tears across a gray-black sky. Camera shoots from wave-crest height capturing the ship's rise and fall. Dynamic medium side shot."
78,"Documentary aerial, a red research icebreaker slowly crunching through Antarctic sea ice. The bow smashes through white floes, broken ice chunks rolling and piling along both sides of the hull. An endless white ice plain stretches in every direction. A few penguins peer curiously from a distant ice shelf. The sky carries the distinctive gray-blue palette of the polar regions. Aerial tracking the ship's ice-breaking progress. Wide shot."
79,"Nightscape cinematic photography, the Forbidden City corner tower reflected in its moat under a full moon. Moonlight falls on the golden glazed tiles casting a cool blue shimmer. A breeze wrinkles the water surface, the reflection fracturing into flickering golden shards. Willow branches sway gently in the night wind. Red lanterns on the distant city wall emit a warm yellow glow. Telephoto lens, fixed camera. Medium shot, serene composition."
80,"Nighttime documentary film style, a rainy night on Seoul's Gangnam district streets, pedestrians with umbrellas hurrying past beneath a giant LED display screen. The screen's advertisement forms flowing colorful reflections on the wet pavement. A couple shares a single umbrella, dashing across the road. Red taxi taillights streak long trails of light through the rain. Fixed camera capturing the flow of pedestrians. Medium shot."
81,"Adventure film style, a mountaineer struggling up a Himalayan ridgeline. Wearing a red shell jacket, he climbs step by step along the snow-covered steep ridge. Gusting winds whip up snow plumes scattering from both sides of the ridge. Below, sheer cliffs drop into the abyss. Distant peaks emerge from the cloud sea in a chain of snow-capped summits. Aerial side tracking shot. A dramatic medium shot."
82,"Nature film style, an Alpine summer meadow, a herd of brown-and-white dairy cows grazing leisurely on a lush green hillside. Copper cowbells chime with each movement. Behind them rise snow-capped peaks and a wooden alpine hut. Wildflowers dot the grass, swaying in the breeze. Camera slowly pushes from a distant view into a medium shot of the herd. Soft daylight."
83,"Railway documentary film style, a silver bullet train hurtling through the Japanese countryside in spring. Cherry trees on both sides form a pink tunnel over the tracks, petals swirling upward in the train's slipstream. The train's streamlined nose reflects the sky. Mount Fuji appears and disappears through the cherry blossoms in the distance. Low-angle front-facing shot of the train approaching head-on."
84,"Western film style, a freight train winding through the American West desert. Dozens of rust-red boxcars snake like a serpent through an arid canyon. The diesel locomotive belches black smoke. Flanking the tracks are red rock formations and cacti. Sunset bathes the entire scene in warm orange tones. Aerial side tracking shot paralleling the train. Ultra-wide extreme panorama."
85,"Warm family film style, a little girl in a red coat running through piles of fallen leaves in Central Park in autumn. She spins with arms outstretched laughing, golden leaves kicking up around her like butterflies. Sunlight filters through the yellowing canopy casting dappled shadows. A golden retriever bounds joyfully alongside, chasing leaves. Slow-motion medium tracking shot."
86,"Documentary family film style, a father lifting his small son high and tossing him into the air at the beach at sunset. The boy spreads his limbs mid-air laughing, the father reaching up to catch him. Golden backlighting traces the silhouettes of father and son. Waves lap gently at the shore behind them, the sky a gradient of orange and purple. Slow-motion side medium shot. A warm image."
87,"Space documentary IMAX style, the International Space Station passing over Earth's night side. The station's massive solar panels catch sunlight like golden outstretched wings. City lights below form constellation-like patterns on Earth's surface. A thin blue atmospheric band traces the planet's curvature. The station drifts slowly, the Milky Way clearly visible in the background. Telephoto tracking shot."
88,"Sci-fi film style, an astronaut walking on the lunar surface, first-person tracking shot. Gray regolith lifts in fine particles with each step, falling slowly back down. Earth hangs in the pitch-black sky as a blue-white hemisphere in the distance. The astronaut's white suit reflects blinding light in the sun. Footprints leave clear impressions in the lunar soil. Close-up low-angle tracking shot."
89,"High fashion cinematic commercial, a tall Black supermodel in a flowing gold gown walking across desert dunes. The hem undulates in the desert wind like liquid metal, billowing and turning. She strides with confident power, bare feet leaving prints in the fine sand. Sunset edges her silhouette in gold. Dune curves extend to the horizon in the background. Medium shot, front-facing."
90,"Fashion film shooting, an Asian male model in a black leather jacket riding a vintage motorcycle through Los Angeles streets at night. Street lamps and neon slide across the chrome trim creating streaks of flowing light. His scarf streams in the wind. Camera mounted on the motorcycle's side capturing face and upper body at close range. City lights blur past rapidly in the background. Close-up tracking shot."
91,"Festival documentary film style, fireworks bursting over a Chinese city skyline on New Year's Eve. Gold, red, and green fireworks blossom in rapid succession across the night sky like giant flowers. The river surface mirrors the full sky of firework brilliance. Rows of red lanterns glow beneath ancient building eaves along both banks. Crowds pause on the bridge to gaze upward and cheer. Camera shooting skyward from behind the crowd. Medium to wide shot."
92,"Documentary film style, a Brazilian Rio Carnival parade procession marching through the Sambadrome. Dancers in elaborate feathered costumes passionately swaying their hips to the samba beat. Enormous floats decorated with glittering mirror tiles and colored lights. Confetti and streamers drift from the sky. Tens of thousands cheer and wave from the stands. Camera threading through the dancers. Dynamic medium shot."
93,"Artisan film style, an elderly embroidery artisan in Suzhou working at a frame stitching Suzhou-style silk embroidery. She wears reading glasses, slender fingers threading silk with precise needlework across the silk canvas. The silk thread shimmers with rainbow-like iridescence in the daylight. On the fabric, a crane takes shape with feather details rendered in exquisite precision. Camera pushes from a wide shot to an extreme macro close-up of the needle piercing the silk."
94,"Whisky distillery documentary style, a Scottish Highlands distiller opening an oak barrel bung to draw a sample. Amber whisky flows from the cask into a glass. Inside the cellar, hundreds of oak barrels are neatly stacked to the ceiling, the air thick with the scent of peat and oak. Faint window light illuminates floating dust particles. Close-up of the hands, side shot of the sampling process."
95,"Extreme sports film style, a wingsuit flyer leaping from a cliff edge and gliding through a Swiss valley. The tight wingsuit inflates in the airstream like bat wings. He flies at high speed close along the sheer rock face, far below a deep green pine forest and silver streams. GoPro first-person perspective alternating with distant aerial shots. An adrenaline-surging high-speed sequence."
96,"Surf film footage, a surfer threading through the barrel of a ten-meter tube wave on Hawaii's North Shore. The emerald-green wave wall curls overhead forming a perfect tube, sunlight transmitting through the wave creating a luminous green halo. White spray jets from the tube's mouth. The surfer crouches low, reaching out to touch the wave wall. Underwater camera shooting upward. Slow-motion close-up."
97,"Aviation film style, a fighter jet formation flying in tight formation through blue sky and white clouds. Four silver jets trailing white contrails paint parallel lines across the sky. Sunlight glints off the metal fuselages. The lead aircraft banks slightly into a turn, the others synchronizing their adjustment in unison. Camera shooting from a wingman's cockpit perspective. Close-up aerial photography."
98,"Commercial aviation documentary style, a white airliner penetrating through storm clouds from the cockpit perspective. Lightning outside the windshield illuminates the roiling cumulonimbus, raindrops streaking across the glass at high speed. Green indicator lights flicker on the instrument panel. The captain grips the control yoke firmly, eyes fixed ahead. The fuselage shudders slightly in the turbulence. Close-up interior cockpit shot."
99,"Road movie style, a beat-up blue pickup truck tearing along Route 66 trailing a cloud of dust. On both sides, endless desert scrub and red mesas. The driver's arm extends out the rolled-down window, feeling the hot wind. In the rearview mirror, the straight highway vanishes into a heat-shimmered horizon. Low-angle lateral tracking shot. Golden light, medium shot."
100,"Exploration documentary style, inside the narrow Siq canyon of Petra, Jordan, an archaeologist rides a camel through the passage. Red sandstone cliff walls tower to dizzying heights on both sides, their layered striations curving like flowing water. The camel walks slowly and steadily, hooves crunching softly on the gravel. At the far end of the canyon, a sliver of the Treasury facade comes into view. Camera fixed head-on as the rider approaches from the distance."
