image,prompt
,"A woman's face half-lit by the amber glow of a passing train, her expression caught between longing and resolve. Rain streaks down the window beside her, distorting the city lights into molten gold. Every pore and freckle is rendered in sharp detail, her teeth barely visible behind parted lips."
,"A boxer's bruised hands wrap slowly around white tape in a dimly lit locker room. Overhead fluorescent light catches the sweat on his knuckles, each finger bent and scarred. A cracked mirror behind him reflects the empty arena hallway beyond."
,"A ballerina stands en pointe at the edge of a rain-soaked rooftop at dusk, her joints aligned in a perfect arabesque. The skyline of a sprawling city glows behind her, and puddles at her feet mirror the violet and tangerine clouds above."
,"An elderly man grins wide beneath the shade of a weathered straw hat, deep wrinkles framing his mouth, gold-capped teeth catching the late afternoon sun. Tobacco fields stretch endlessly behind him under a hazy Cuban sky."
,"A detective's face illuminated only by the cold blue light of a computer screen in a dark office. Her eyes are bloodshot, jaw clenched, and one hand presses against her temple. Case files and coffee cups litter the desk around her."
,"A pianist's slender fingers hover over ivory keys in a candlelit concert hall, each knuckle and tendon caught in exquisite detail. Warm light from a chandelier above casts long shadows across the polished black surface of the grand piano."
,"A young woman laughs mid-stride on a rain-drenched Parisian boulevard, her teeth gleaming, hair plastered to her face. She holds her shoes in one hand, her bare feet splashing through shallow puddles that reflect the glowing café signs."
,"A grey wolf stands on a snow-covered ridge at twilight, its body perfectly symmetrical, ears pricked forward. Behind it, a blood-orange sun sinks below jagged mountain peaks, casting the wolf's long shadow across the blue-white snow."
,"A thoroughbred racehorse gallops through morning fog on a dirt track, every leg joint extended in full stride. A jockey in emerald silks leans forward, and the golden light of sunrise catches the mist curling off the horse's muscular flanks."
,"A black cat perches on a fire escape railing in a rain-soaked alleyway, its body sleek and symmetrical. Neon signs from a Chinatown street below paint its fur in strokes of pink and green, and its eyes glow like twin lanterns."
,"A German Shepherd sits alert on the steps of an abandoned police precinct, ears symmetrical and upright, body tense. Autumn leaves swirl around its paws, and the late afternoon light filters through boarded-up windows behind it."
,"A white stallion rears up on a windswept cliff overlooking a stormy Atlantic coast. Its front legs are perfectly bent, mane whipping sideways, and the crashing waves below send salt spray high into the slate-grey air."
,"A barn owl glides silently through a moonlit cathedral nave, its wingspan fully extended and symmetrical. Shafts of silver light pour through stained glass windows, casting fractured color across the ancient stone pillars below."
,"Two lovers embrace on a crowded train platform as steam billows around them. Their arms interlock tightly, fingers gripping each other's coats. Blurred commuters rush past on either side, and the departure board above glows with amber text."
,"A family of five holds hands in a chain, walking barefoot along a misty shoreline at golden hour. Their silhouettes stretch long across wet sand, and gentle waves lap at their ankles. A lighthouse blinks faintly in the distance."
,"Protesters march shoulder to shoulder down a fog-filled boulevard, their breath visible in the cold night air. Streetlamps cast dramatic cones of light, and overlapping arms hold a massive banner that stretches the width of the road."
,"Two tango dancers hold each other in a dramatic dip on a cobblestone plaza in Buenos Aires. Their bodies intertwine, his hand firmly on her lower back, her arm draped behind his neck. String lights crisscross overhead against an indigo sky."
,"A group of children huddle together under a single large umbrella during a monsoon downpour on a Kolkata street. Their faces are lit by the warm glow of a nearby chai stall, and rain cascades off the umbrella's edge in silver sheets."
,"A grid of illuminated windows stretches across the facade of a brutalist apartment tower at blue hour. A lone figure smokes on a fourth-floor balcony, and identical streetlamps line the wet pavement below in perfect recession."
,"Rain-slicked cobblestones reflect the amber glow of ornate Victorian streetlamps lining a narrow London alley. Rows of Georgian brick townhouses with symmetrical sash windows rise on both sides, their iron balconies adorned with flower boxes."
,"A sweeping aerial view of a Haussmann-style Parisian intersection at dusk. Radial boulevards extend outward, lined with uniform cream-stone buildings, zinc rooftops, and wrought-iron balconies. Car headlights trace golden lines along the avenues."
,"A foggy San Francisco street descends steeply between rows of pastel Victorian houses, their bay windows and cornices catching the first light of dawn. A single cable car climbs the hill, its headlamp cutting through the mist."
,"Neon signs in Mandarin and English blaze across the facades of tightly packed buildings in a Hong Kong alley at night. Fire escapes zigzag up the walls, and the wet street below mirrors every color in a dazzling mosaic of light."
,"A grand library with a black-and-white checkered marble floor stretching toward a vaulted ceiling. A spiral staircase of dark mahogany climbs three stories along book-lined walls. Late afternoon light pours through a rose window, casting geometric patterns on the floor."
,"An interrogation room lit by a single swinging overhead bulb. A metal table and two chairs face each other on cracked concrete floor tiles. The doorway behind is ajar, revealing a long corridor bathed in cold fluorescent light."
,"A derelict ballroom with a collapsed chandelier resting on a parquet floor. Ornate ceiling moldings frame peeling plaster, and tall arched doorways open to overgrown courtyards. Shafts of golden light angle through broken windows."
,"A modernist penthouse interior at night, floor-to-ceiling windows revealing a glittering Tokyo skyline. A floating staircase of glass and steel ascends to an upper loft. Warm ambient light reflects off polished concrete floors and minimalist furniture."
,"A vintage cherry-red 1967 Mustang convertible parked under a flickering motel sign in the Nevada desert at dusk. Its chrome bumpers and round headlights gleam, and the steering wheel is visible through the open driver's door. A suitcase sits on the passenger seat."
,"A rain-soaked yellow taxi idles at a Manhattan intersection at night, its headlights illuminating sheets of falling rain. The dashboard glows green, and the driver's silhouette is visible behind a foggy windshield. Skyscrapers tower above, their windows dotting the darkness."
,"A weathered bicycle leans against a crumbling Tuscan wall, its spoked wheels casting intricate shadows in the midday sun. A wicker basket on the handlebars overflows with sunflowers, and a narrow stone staircase ascends behind it."
,"A fighter jet sits on the tarmac of an aircraft carrier at golden hour, its cockpit canopy raised. The jet's twin engines, landing gear wheels, and swept wings are sharply defined against the vast open ocean and a sky streaked with coral and lavender."
,"A single white porcelain bowl filled with ramen sits on a dark wooden counter in a Tokyo izakaya. Steam curls upward past the bowl's perfectly round rim, and chopsticks rest across the top. Warm lantern light illuminates the broth's glistening surface."
,"Two crystal wine glasses stand side by side on a linen-draped table at a rooftop restaurant, the Amalfi Coast shimmering in the background. Ruby-red wine fills each glass to the same level, and the rims catch the fading sunset light."
,"A ceramic coffee mug with a thick curved handle sits on a rain-spattered windowsill. Through the glass behind it, a blurry autumn cityscape unfolds in shades of amber and grey. Steam rises from the mug into the cold morning air."
,"A tower of mismatched vintage plates stacked on a farmhouse table, their circular rims creating concentric rings of floral patterns. A single fork rests against the top plate. Golden afternoon light streams through a lace curtain behind."
,A weathered acoustic guitar leans against an amplifier on the stage of an empty honky-tonk bar. Every string and fret is visible in the dusty spotlight. Rows of vacant stools and a sawdust-covered floor stretch into the dim background.
,A vintage Leica camera rests on a leather-topped desk beside scattered black-and-white contact sheets. Its chrome dials and lens barrel catch the light from a green banker's lamp. A curl of cigarette smoke drifts from an ashtray nearby.
,"A silver saxophone gleams under a single blue spotlight on a jazz club stage. The keys and bell are rendered in exquisite detail. An empty microphone stand and a stool with a folded jacket sit beside it, the brick wall behind bathed in deep shadow."
,"A set of antique silverware—knife, fork, and spoon—arranged on a starched white napkin at a candlelit formal dinner. Crystal decanters and a floral centerpiece occupy the table, and the polished silver reflects the dancing flames of tall taper candles."
,"A red leather armchair with four carved wooden legs sits alone in the center of a sunlit, otherwise empty loft apartment. Floor-to-ceiling windows behind it frame a panoramic view of the Brooklyn Bridge and the East River at midday."
,"A pair of round tortoiseshell eyeglasses rests on an open book in a wood-paneled study. The lenses reflect the warm glow of a fireplace opposite, and a half-empty glass of whiskey sits nearby on a side table."
,"A large black umbrella, fully open, lies upside-down on rain-soaked steps in front of a neoclassical courthouse. Each spoke radiates outward in perfect symmetry. A figure in a trench coat walks away in the distance, silhouetted against a stormy sky."
,"A wooden director's chair with a canvas back sits at the edge of a movie set, its legs planted firmly on dusty concrete. Coiled cables, a clapperboard, and a boom microphone occupy the background, lit by the harsh white glow of studio lights."
,"A weathered wooden sign reading ""MOTEL — VACANCY"" creaks in the desert wind, its hand-painted red letters faded by years of sun. A single bulb flickers above it, casting an orange glow on the empty gravel parking lot and a lone pickup truck below."
,"A stack of yellowed newspapers sits on the stoop of a brownstone, the bold headline ""WAR DECLARED"" visible in heavy black serif type. Morning light catches the newsprint, and a milk bottle and a pair of leather gloves rest beside the stack."
,"A neon sign spelling ""OPEN"" in cursive pink lettering glows in the rain-streaked window of a late-night diner. Through the glass, a waitress wipes down the counter beneath fluorescent lights, and a specials board lists prices in white chalk."
,"A leather-bound journal lies open on a monastery desk, its pages filled with dense handwritten Latin script and illuminated margin illustrations in gold and crimson. A quill pen rests in an inkwell beside it, and candlelight flickers across the vellum."
,"A green street sign reading ""ABBEY ROAD NW8"" is mounted on a white post at a famous London crosswalk. Four figures walk single file across the zebra stripes in the background, dappled sunlight filtering through overhanging trees."
,"A massive clock face glows from within, seen from the interior of a Victorian tower. Roman numerals encircle the translucent dial, and the minute and hour hands point precisely to 11:55. Through the frosted glass, the silhouette of a nighttime cityscape is faintly visible."
,"A vintage gold pocket watch lies open on a velvet-lined case, its delicate hands frozen at 3:17. The white enamel face bears elegant Arabic numerals, and the intricate gears are partially visible through the watch's transparent caseback. A detective's magnifying glass rests beside it."
,"A grand railway station clock hangs from an iron beam above a bustling platform, its hands reading 7:42. Commuters in overcoats rush beneath it, steam from a departing locomotive drifting across the scene. The clock's brass frame gleams under the vaulted glass ceiling."
,"A diver's wristwatch rests on the edge of a boat's wooden railing, its luminous hands and numbered bezel clearly visible against the black dial. The turquoise ocean stretches to the horizon behind it, and a coiled rope and fishing net occupy the foreground."
,"A woman in a cream trench coat cradles a steaming paper cup of coffee as she steps off a ferry into the fog of a harbor morning. The cup is dwarfed by her gloved hands, and the massive hull of the boat looms behind her."
,"A cellist performs alone on a vast, empty theater stage, her body curved around the instrument, bow drawn mid-stroke. A single overhead spotlight creates a pool of warm light around her, while hundreds of red velvet seats sit vacant in the darkness beyond."
,"A young boy eats noodles with chopsticks at a street food stall in Taipei at night, the bowl nearly the size of his head. Strings of red lanterns glow above the narrow alley, and vendors' carts line both sides of the crowded lane."
,"A man in a leather jacket holds a Zippo lighter to a cigarette on a fire escape overlooking a 1970s New York City skyline. The small flame illuminates his stubbled jaw, and the Twin Towers rise in sharp silhouette against a dusky purple sky."
,A chef's hands carefully plate a delicate dessert using silver tweezers in the bright stainless-steel kitchen of a Michelin-starred restaurant. The tiny pastry contrasts with the massive industrial range and copper pots hanging above.
,"A woman in a wide-brimmed hat stands at the foot of the Colosseum in Rome at golden hour, her figure small against the towering arches of ancient travertine. A cobblestone path leads from her feet to the monument's grand entrance, and pigeons scatter across the foreground."
,"A solitary man in a dark suit walks along the reflecting pool toward the Lincoln Memorial at dawn. His reflection stretches toward the massive seated statue visible through the columned portico, and the Washington Monument rises needle-thin in the pink sky behind him."
,"A backpacker pauses on a narrow mountain trail, gazing up at the sheer granite face of El Capitan in Yosemite. Her small frame and oversized pack emphasize the monumental scale of the cliff, and a waterfall threads down the rock face in the distance."
,"A bride and groom stand at the base of a sweeping marble staircase inside a Venetian palazzo. Their figures are dwarfed by the three-story frescoed ceiling above, and candlelight from iron sconces casts warm patterns on the mosaic floor."
,"A fisherman casts his line from a wooden pier, his silhouette tiny against the massive red steel spans of the Golden Gate Bridge looming in the fog behind him. The bay's dark water mirrors the bridge's cables and towers."
,"A surgeon's gloved hands, caught mid-operation under the sterile blue-white light of an operating theater. Beads of sweat line her forehead above the surgical mask, and the reflection of monitors and instrument trays fills the room behind her."
,"A weathered cowboy leans against a wooden fence post at dawn, his lined face half-hidden beneath a dusty Stetson. His calloused hands grip a tin mug of black coffee, and an endless prairie stretches behind him under a pale sky."
,"A child presses her face against the glass of a toy store window at night, her breath fogging the pane. Inside, a miniature train set circles a glowing Christmas village. The reflection of streetlights and snowflakes overlays her wide-eyed expression."
,"A pair of wild horses gallop side by side through shallow surf on an overcast Outer Banks beach, their leg joints flexing in synchronized motion. Sea spray erupts around their hooves, and dark storm clouds roll in across the Atlantic horizon."
,"A snow leopard crouches on a Himalayan ledge, its spotted body low and symmetrical, tail curled around the rock. The vast valley below disappears into blue mist, and distant prayer flags flutter from a ridge across the gorge."
,"An art deco hotel lobby at midnight, its geometric floor tiles in black and gold leading to a curved reception desk. Brass elevator doors reflect the warm glow of wall sconces, and a single bellhop stands motionless beside a luggage cart."
,"A spiral staircase descends through the center of an abandoned lighthouse, its rusted iron steps forming a perfect helix. Peeling white walls reveal layers of old paint, and a shaft of daylight pierces through the lantern room above, illuminating floating dust motes."
,"Rows of identical red telephone boxes line a rain-soaked London street at dusk. The glass panels glow from within, and the facades of limestone buildings with arched windows and Corinthian columns rise behind them."
,"A vintage steam locomotive bursts through a tunnel into a snow-covered alpine valley, its headlamp blazing and wheels churning. Plumes of white steam billow against the dark stone of the tunnel mouth, and pine-covered mountains frame the scene."
,"A dusty Land Rover Defender is parked on a red-earth overlook in the Kenyan savanna at sunset. Its headlights glow faintly, the spare tire mounted on the rear door. A herd of elephants crosses the golden grassland in the middle distance below."
,"A row of empty martini glasses lines the polished mahogany bar of a 1920s speakeasy, each glass identical in its conical shape and thin stem. A bartender in a vest and bow tie polishes one glass at the far end, backlit by shelves of amber bottles."
,"A traditional Japanese tea bowl sits on a tatami mat in a minimalist tearoom. The bowl's round rim and earthy glaze catch the diffused light from a shoji screen, and a bamboo whisk and lacquered tea caddy rest beside it."
,"A violin rests on a velvet-lined case on the floor of a dimly lit practice room, its strings and scroll in sharp focus. Sheet music is scattered around it, and a metronome ticks silently on a wooden stand. Late afternoon light seeps through slatted blinds."
,"A pair of brass binoculars lies on the wooden deck of a sailing ship, their circular lenses reflecting a distant shoreline. Coiled hemp ropes, a compass, and a folded nautical chart surround them. The sea stretches to a hazy horizon."
,"A wrought-iron park bench with curved armrests and evenly spaced slats sits beneath a canopy of autumn maple trees. Fallen leaves in gold and crimson cover the gravel path, and a distant jogger is blurred against the morning mist."
,"A crystal chandelier hangs from a frescoed ceiling in a crumbling European château, each arm and pendant rendered in prismatic detail. Dust motes swirl in the beams of light that pour through tall, broken windows."
,"A hand-lettered chalkboard menu stands outside a Montmartre bistro, listing the day's specials in elegant French script. A small round table with two wire chairs sits beside it on the cobblestones, and the awning casts a scalloped shadow over the scene."
,"A crumbling stone tablet inscribed with ancient Greek text leans against the base of a ruined temple column. Wildflowers push through cracks in the marble platform, and the Aegean Sea glitters beneath a cloudless sky in the background."
,"A Broadway theater marquee blazes with hundreds of warm bulbs spelling out a show title in bold capital letters. Rain glistens on the sidewalk below, and theatergoers clutching playbills emerge through brass-framed glass doors."
,"A clock tower rises above a misty European village square, its illuminated face reading 6:00 against a deep blue pre-dawn sky. The hour and minute hands are perfectly aligned, and the surrounding rooftops are dusted with the season's first frost."
,"A pilot's cockpit instrument panel fills the frame, dozens of analog dials and gauges glowing green and amber in the darkness. Through the windscreen, a carpet of city lights spreads below, and the altimeter needle points steadily at 35,000 feet."
,"A jazz trumpeter blows a long note under a single amber spotlight, the brass instrument gleaming against his dark suit. His cheeks are puffed, fingers pressed precisely on the valves, and a thin trail of smoke from a nearby ashtray curls past the bell of the horn."
,"A woman in a silk robe pours tea from a cast-iron teapot into a handleless cup at a low table in a Kyoto ryokan. The teapot dwarfs the tiny cup, and a zen garden of raked gravel and mossy stones is visible through the open sliding door behind her."
,"A street artist sketches a portrait with charcoal on a large easel in a Florentine piazza. His subject, a young woman, sits on a wooden stool across from him, and the Duomo's massive dome fills the sky behind them both."
,"A soldier writes a letter by candlelight in a cramped bunker, pen gripped tightly in his right hand while his left steadies the paper. Dog tags hang from his neck, and a dented helmet and a rifle lean against the earthen wall behind him."
,"A little girl holds an enormous cotton candy cloud on a stick at a twilight carnival, the pink confection nearly obscuring her face. A Ferris wheel blazing with colored lights towers behind her, and the midway stretches into a warm blur of neon."
,"A monk in saffron robes walks along a stone causeway toward the towering spires of Angkor Wat at sunrise. His small figure is centered in the frame, and the temple's immense silhouette is mirrored perfectly in the still moat below."
,"A lone surfer carries a board under his arm along a black-sand beach in Iceland, dwarfed by a massive basalt sea stack rising from the crashing waves behind him. Low grey clouds hug the cliff tops, and the volcanic landscape is stark and monochrome."
,"A flower girl in a white dress scatters petals down the aisle of an open-air wedding set against the dramatic backdrop of Santorini's caldera. The whitewashed chapel is tiny against the vast blue expanse of sea and sky, and the setting sun paints everything in rose gold."
,"A photographer kneels in the foreground of a vast salt flat, her camera pointed at a distant mountain range reflected in a thin layer of still water. The scale is immense—her figure a dark speck against the blinding white expanse and pastel sky."
,"A child releases a red balloon on the steps of the Sacré-Cœur basilica, the small crimson dot rising against the massive white domes and the sprawling Parisian rooftops stretching to the horizon below."
,"A detective's hand pushes open a frosted-glass office door stenciled with the words ""PRIVATE INVESTIGATOR"" in reverse gold lettering. Beyond the door, a cluttered desk, a rotary phone, and venetian blinds slicing bars of amber light across the floor."
,"A grand piano sits alone on a frozen lake at twilight, its black lacquer surface reflecting the violet and grey sky. A woman in a red gown approaches it across the ice, her figure growing larger as she nears, footprints trailing behind her in the frost."
,"A vintage motorcycle with gleaming chrome exhaust pipes is parked in front of a neon-lit Route 66 diner at night. The round headlight reflects the diner's ""EAT"" sign in red and blue, and a leather jacket is draped over the handlebars."
,"An astronaut sits on the edge of a lunar crater, visor raised, holding a photograph in both gloved hands. Earth hangs enormous and blue in the black sky above, and bootprints trail across the grey dust toward a distant lander."
,"A watchmaker peers through a loupe at the exposed gears of a disassembled pocket watch on his workbench. Dozens of tiny brass components are arranged in neat rows, and shelves of antique clocks with visible faces and ticking hands line the walls behind him."
,"A woman in a flowing emerald dress descends a sweeping marble staircase inside a grand opera house, her hand gliding along the gilded banister. The foyer's enormous crystal chandelier blazes above, and mosaic floor tiles radiate outward from the base of the stairs."
,"A samurai kneels in a bamboo grove at dawn, katana laid horizontally across his open palms. Shafts of pale light slice through the dense green stalks, and mist rolls low across the forest floor. His armor's lacework and the sword's wrapped handle are rendered in meticulous detail."
